{"cameraMode":{"drawMode":0,"name":"Shaded","section":"Shading Mode"},"sceneLighting":false,"audioPlay":false,"sceneViewState":{"m_AlwaysRefresh":false,"showFog":true,"showSkybox":false,"showFlares":true,"showImageEffects":true,"showParticleSystems":true,"showVisualEffectGraphs":true,"m_FxEnabled":true},"in2DMode":false,"pivot":{"x":-0.8730554580688477,"y":1.5534958839416505,"z":0.20078086853027345},"rotation":{"x":-0.06587566435337067,"y":-0.047578826546669009,"z":0.0031482551712542774,"w":-0.996672511100769},"size":11.812948226928711,"orthographic":false}