{"cameraMode":{"drawMode":0,"name":"Shaded","section":"Shading Mode"},"sceneLighting":true,"audioPlay":false,"sceneViewState":{"m_AlwaysRefresh":false,"showFog":true,"showSkybox":true,"showFlares":true,"showImageEffects":true,"showParticleSystems":true,"showVisualEffectGraphs":true,"m_FxEnabled":true},"in2DMode":false,"pivot":{"x":-16.84418296813965,"y":9.273290634155274,"z":20.994245529174806},"rotation":{"x":-0.048704057931900027,"y":-0.5179151296615601,"z":-0.02955309860408306,"w":0.8535308241844177},"size":22.356075286865236,"orthographic":false}