{"cameraMode":{"drawMode":0,"name":"Shaded","section":"Shading Mode"},"sceneLighting":false,"audioPlay":false,"sceneViewState":{"m_AlwaysRefresh":false,"showFog":true,"showSkybox":false,"showFlares":true,"showImageEffects":true,"showParticleSystems":true,"showVisualEffectGraphs":true,"m_FxEnabled":true},"in2DMode":false,"pivot":{"x":50.66795349121094,"y":-13.277276039123536,"z":-71.78832244873047},"rotation":{"x":0.019420750439167024,"y":0.9724195599555969,"z":-0.08775461465120316,"w":0.21520356833934785},"size":43.605342864990237,"orthographic":false}