{"cameraMode":{"drawMode":0,"name":"Shaded","section":"Shading Mode"},"sceneLighting":false,"audioPlay":false,"sceneViewState":{"m_AlwaysRefresh":false,"showFog":true,"showSkybox":false,"showFlares":true,"showImageEffects":true,"showParticleSystems":true,"showVisualEffectGraphs":true,"m_FxEnabled":true},"in2DMode":false,"pivot":{"x":1.6754372119903565,"y":1.6795660257339478,"z":4.4268412590026859},"rotation":{"x":0.22999116778373719,"y":0.7459293007850647,"z":-0.3192480802536011,"w":0.5373783707618713},"size":1.0975133180618287,"orthographic":false}